ticker,sector
A,Healthcare
AA,Basic Materials
AACB,Financial Services
AACG,Consumer Defensive
AAL,Industrials
AAME,Financial Services
AAMI,Financial Services
AAOI,Technology
AAON,Industrials
AAP,Consumer Cyclical
AAPG,Healthcare
AAPL,Technology
AARD,Healthcare
AAT,Real Estate
AAUC,Basic Materials
AB,Financial Services
ABAT,Industrials
ABBV,Healthcare
ABCB,Financial Services
ABCL,Healthcare
ABEO,Healthcare
ABEV,Consumer Defensive
ABG,Consumer Cyclical
ABLV,Consumer Cyclical
ABM,Industrials
ABNB,Consumer Cyclical
ABOS,Healthcare
ABR,Real Estate
ABSI,Healthcare
ABT,Healthcare
ABTC,Financial Services
ABTS,Financial Services
ABUS,Healthcare
ABVC,Healthcare
ABVE,Consumer Defensive
ABVX,Healthcare
ABX,Financial Services
ABXL,Unknown
ACA,Industrials
ACAD,Healthcare
ACB,Healthcare
ACCL,Industrials
ACCO,Industrials
ACCS,Communication Services
ACDC,Energy
ACEL,Consumer Cyclical
ACET,Healthcare
ACFN,Technology
ACGL,Financial Services
ACGLN,Financial Services
ACGLO,Financial Services
ACH,Healthcare
ACHC,Healthcare
ACHR,Industrials
ACHV,Healthcare
ACI,Consumer Defensive
ACIC,Financial Services
ACIU,Healthcare
ACIW,Technology
ACLS,Technology
ACLX,Healthcare
ACM,Industrials
ACMR,Technology
ACN,Technology
ACNB,Financial Services
ACNT,Basic Materials
ACOG,Healthcare
ACON,Healthcare
ACP,Financial Services
ACR,Real Estate
ACRE,Real Estate
ACRS,Healthcare
ACRV,Healthcare
ACT,Financial Services
ACTG,Industrials
ACTU,Healthcare
ACU,Consumer Defensive
ACV,Financial Services
ACVA,Consumer Cyclical
ACXP,Healthcare
AD,Communication Services
ADAG,Healthcare
ADAM,Real Estate
ADAMG,Unknown
ADAMH,Unknown
ADAMI,Unknown
ADAML,Real Estate
ADAMM,Real Estate
ADAMN,Real Estate
ADAMZ,Real Estate
ADBE,Technology
ADC,Real Estate
ADCT,Healthcare
ADEA,Technology
ADGM,Healthcare
ADI,Technology
ADIL,Healthcare
ADM,Consumer Defensive
ADMA,Healthcare
ADNT,Consumer Cyclical
ADP,Technology
ADPT,Healthcare
ADSE,Industrials
ADSK,Technology
ADT,Industrials
ADTN,Technology
ADTX,Healthcare
ADUR,Industrials
ADUS,Healthcare
ADV,Communication Services
ADVB,Healthcare
ADX,Financial Services
ADXN,Healthcare
AEBI,Industrials
AEC,Energy
AEE,Utilities
AEF,Financial Services
AEFC,Unknown
AEG,Financial Services
AEHL,Industrials
AEHR,Technology
AEI,Real Estate
AEIS,Industrials
AEM,Basic Materials
AEMD,Healthcare
AENT,Communication Services
AEO,Consumer Cyclical
AEON,Healthcare
AEP,Utilities
AER,Industrials
AERO,Industrials
AERT,Industrials
AES,Utilities
AESI,Energy
AEVA,Technology
AEXA,Financial Services
AEYE,Technology
AFB,Financial Services
AFBI,Financial Services
AFCG,Financial Services
AFG,Financial Services
AFGB,Unknown
AFGC,Unknown
AFGD,Unknown
AFGE,Unknown
AFJK,Financial Services
AFJKU,Financial Services
AFL,Financial Services
AFRI,Consumer Defensive
AFRM,Financial Services
AFYA,Consumer Defensive
AG,Basic Materials
AGAE,Communication Services
AGCC,Consumer Defensive
AGCO,Industrials
AGD,Financial Services
AGEN,Healthcare
AGH,Consumer Cyclical
AGI,Basic Materials
AGIG,Utilities
AGIO,Healthcare
AGL,Healthcare
AGM,Financial Services
AGMH,Technology
AGNC,Real Estate
AGNCL,Real Estate
AGNCM,Real Estate
AGNCN,Real Estate
AGNCO,Real Estate
AGNCP,Real Estate
AGNCZ,Real Estate
AGO,Financial Services
AGPU,Technology
AGRO,Consumer Defensive
AGRZ,Consumer Defensive
AGX,Industrials
AGYS,Technology
AHCO,Healthcare
AHG,Healthcare
AHL,Financial Services
AHMA,Consumer Cyclical
AHR,Real Estate
AHRT,Real Estate
AHT,Real Estate
AI,Technology
AIFF,Technology
AIFU,Financial Services
AIG,Financial Services
AIHS,Industrials
AII,Financial Services
AIIA,Financial Services
AIIO,Consumer Cyclical
AIM,Healthcare
AIMD,Technology
AIN,Consumer Cyclical
AIO,Financial Services
AIOS,Technology
AIOT,Technology
AIP,Technology
AIR,Industrials
AIRE,Real Estate
AIRG,Technology
AIRI,Industrials
AIRJ,Industrials
AIRO,Industrials
AIRS,Healthcare
AIRT,Industrials
AIRTP,Industrials
AISP,Technology
AIT,Industrials
AIV,Real Estate
AIXC,Technology
AIXI,Technology
AIZ,Financial Services
AIZN,Unknown
AJG,Financial Services
AKA,Consumer Cyclical
AKAM,Technology
AKAN,Healthcare
AKBA,Healthcare
AKR,Real Estate
AKTX,Healthcare
ALAB,Technology
ALAR,Technology
ALB,Basic Materials
ALBT,Real Estate
ALC,Healthcare
ALCO,Consumer Defensive
ALCY,Financial Services
ALDF,Financial Services
ALDFU,Financial Services
ALDX,Healthcare
ALEC,Healthcare
ALF,Financial Services
ALFUU,Financial Services
ALG,Industrials
ALGM,Technology
ALGN,Healthcare
ALGS,Healthcare
ALGT,Industrials
ALH,Consumer Cyclical
ALHC,Healthcare
ALIS,Financial Services
ALISU,Financial Services
ALIT,Technology
ALK,Industrials
ALKS,Healthcare
ALKT,Technology
ALL,Financial Services
ALLE,Industrials
ALLO,Healthcare
ALLR,Healthcare
ALLT,Technology
ALLY,Financial Services
ALM,Basic Materials
ALMS,Healthcare
ALMU,Technology
ALNT,Technology
ALNY,Healthcare
ALOT,Technology
ALOY,Basic Materials
ALP,Financial Services
ALPS,Unknown
ALRM,Technology
ALRS,Financial Services
ALSN,Consumer Cyclical
ALT,Healthcare
ALTG,Industrials
ALTI,Financial Services
ALTO,Basic Materials
ALTS,Technology
ALV,Consumer Cyclical
ALVO,Healthcare
ALX,Real Estate
ALXO,Healthcare
ALZN,Healthcare
AM,Energy
AMAL,Financial Services
AMAT,Technology
AMBA,Technology
AMBO,Consumer Defensive
AMBP,Consumer Cyclical
AMBQ,Technology
AMBR,Technology
AMC,Communication Services
AMCI,Technology
AMCR,Consumer Cyclical
AMCX,Communication Services
AMD,Technology
AME,Industrials
AMG,Financial Services
AMGN,Healthcare
AMH,Real Estate
AMIX,Healthcare
AMKR,Technology
AMLX,Healthcare
AMN,Healthcare
AMOD,Technology
AMP,Financial Services
AMPG,Technology
AMPH,Healthcare
AMPL,Technology
AMPX,Industrials
AMPY,Energy
AMR,Basic Materials
AMRC,Industrials
AMRN,Healthcare
AMRX,Healthcare
AMRZ,Basic Materials
AMS,Healthcare
AMSC,Industrials
AMSF,Financial Services
AMST,Technology
AMT,Real Estate
AMTB,Financial Services
AMTD,Financial Services
AMTM,Industrials
AMTX,Basic Materials
AMWD,Consumer Cyclical
AMWL,Healthcare
AMX,Communication Services
AMZE,Technology
AMZN,Consumer Cyclical
AN,Consumer Cyclical
ANAB,Healthcare
ANDE,Consumer Defensive
ANET,Technology
ANF,Consumer Cyclical
ANGH,Communication Services
ANGI,Communication Services
ANGO,Healthcare
ANGX,Communication Services
ANIK,Healthcare
ANIP,Healthcare
ANIX,Healthcare
ANL,Healthcare
ANNA,Energy
ANNX,Healthcare
ANPA,Industrials
ANRO,Healthcare
ANSC,Financial Services
ANSCU,Financial Services
ANTA,Financial Services
ANTX,Healthcare
ANVS,Healthcare
ANY,Financial Services
AOD,Financial Services
AOMD,Unknown
AOMN,Unknown
AOMR,Real Estate
AON,Financial Services
AORT,Healthcare
AOS,Industrials
AOSL,Technology
AOUT,Consumer Cyclical
AP,Industrials
APA,Energy
APAC,Financial Services
APACU,Financial Services
APAD,Financial Services
APAM,Financial Services
APD,Basic Materials
APEI,Consumer Defensive
APG,Industrials
APGE,Healthcare
APH,Technology
API,Technology
APLD,Technology
APLE,Real Estate
APLM,Healthcare
APLMW,Unknown
APLS,Healthcare
APM,Healthcare
APO,Financial Services
APOG,Industrials
APOS,Unknown
APP,Communication Services
APPF,Technology
APPN,Technology
APPS,Technology
APRE,Healthcare
APT,Industrials
APTV,Consumer Cyclical
APVO,Healthcare
APWC,Industrials
APXT,Financial Services
APXTU,Financial Services
APYX,Healthcare
AQB,Consumer Defensive
AQMS,Industrials
AQN,Utilities
AQNB,Unknown
AQST,Healthcare
AR,Energy
ARAI,Technology
ARAY,Healthcare
ARBB,Technology
ARBE,Technology
ARBK,Financial Services
ARCB,Industrials
ARCC,Financial Services
ARCO,Consumer Cyclical
ARCT,Healthcare
ARDC,Financial Services
ARDT,Healthcare
ARDX,Healthcare
ARE,Real Estate
AREC,Basic Materials
AREN,Communication Services
ARES,Financial Services
ARGX,Healthcare
ARHS,Consumer Cyclical
ARI,Real Estate
ARIS,Basic Materials
ARKO,Consumer Cyclical
ARKR,Consumer Cyclical
ARL,Real Estate
ARLO,Industrials
ARLP,Energy
ARM,Technology
ARMK,Industrials
ARMP,Healthcare
AROC,Energy
AROW,Financial Services
ARQ,Industrials
ARQQ,Technology
ARQQW,Unknown
ARQT,Healthcare
ARR,Real Estate
ARRY,Technology
ARTL,Healthcare
ARTNA,Utilities
ARTV,Healthcare
ARTW,Industrials
ARVN,Healthcare
ARW,Technology
ARWR,Healthcare
ARX,Financial Services
AS,Consumer Cyclical
ASA,Financial Services
ASAN,Technology
ASB,Financial Services
ASBA,Unknown
ASBP,Healthcare
ASC,Industrials
ASG,Financial Services
ASGI,Financial Services
ASGN,Technology
ASH,Basic Materials
ASIC,Financial Services
ASIX,Basic Materials
ASLE,Industrials
ASM,Basic Materials
ASMB,Healthcare
ASML,Technology
ASND,Healthcare
ASO,Consumer Cyclical
ASPC,Financial Services
ASPCU,Financial Services
ASPI,Basic Materials
ASPN,Industrials
ASPS,Real Estate
ASR,Industrials
ASRT,Healthcare
ASRV,Financial Services
ASST,Financial Services
ASTC,Technology
ASTE,Industrials
ASTH,Healthcare
ASTI,Technology
ASTL,Basic Materials
ASTS,Technology
ASUR,Technology
ASX,Technology
ASYS,Technology
ATAI,Healthcare
ATAT,Consumer Cyclical
ATCH,Financial Services
ATEC,Healthcare
ATEN,Technology
ATER,Consumer Cyclical
ATEX,Communication Services
ATGL,Technology
ATHE,Healthcare
ATHM,Communication Services
ATHR,Technology
ATHS,Unknown
ATI,Industrials
ATII,Financial Services
ATIIU,Financial Services
ATKR,Industrials
ATLC,Financial Services
ATLCL,Unknown
ATLCP,Financial Services
ATLCZ,Unknown
ATLN,Industrials
ATLO,Financial Services
ATLX,Basic Materials
ATMU,Consumer Cyclical
ATNI,Communication Services
ATNM,Healthcare
ATO,Utilities
ATOM,Technology
ATOS,Healthcare
ATPC,Consumer Defensive
ATR,Healthcare
ATRA,Healthcare
ATRC,Healthcare
ATRO,Industrials
ATS,Industrials
ATXG,Industrials
ATYR,Healthcare
AU,Basic Materials
AUB,Financial Services
AUBN,Financial Services
AUDC,Technology
AUGO,Basic Materials
AUID,Technology
AUNA,Healthcare
AUPH,Healthcare
AUR,Technology
AURA,Healthcare
AURE,Financial Services
AUST,Basic Materials
AUTL,Healthcare
AUUD,Technology
AVA,Utilities
AVAH,Healthcare
AVAL,Financial Services
AVAV,Industrials
AVB,Real Estate
AVBC,Financial Services
AVBH,Financial Services
AVBP,Healthcare
AVD,Basic Materials
AVGO,Technology
AVIR,Healthcare
AVK,Financial Services
AVNS,Healthcare
AVNT,Basic Materials
AVNW,Technology
AVO,Consumer Defensive
AVPT,Technology
AVR,Healthcare
AVT,Technology
AVTR,Healthcare
AVTX,Healthcare
AVX,Financial Services
AVXL,Healthcare
AVY,Consumer Cyclical
AWF,Financial Services
AWI,Industrials
AWK,Utilities
AWP,Financial Services
AWR,Utilities
AWRE,Technology
AWX,Industrials
AX,Financial Services
AXG,Financial Services
AXGN,Healthcare
AXIA,Utilities
AXIL,Technology
AXIN,Financial Services
AXON,Industrials
AXP,Financial Services
AXR,Real Estate
AXS,Financial Services
AXSM,Healthcare
AXTA,Basic Materials
AXTI,Technology
AYI,Industrials
AYTU,Healthcare
AZ,Technology
AZI,Consumer Cyclical
AZN,Healthcare
AZO,Consumer Cyclical
AZTA,Healthcare
AZTR,Healthcare
AZZ,Industrials
B,Basic Materials
BA,Industrials
BABA,Consumer Cyclical
BAC,Financial Services
BACC,Financial Services
BACCU,Financial Services
BAER,Industrials
BAFN,Financial Services
BAH,Industrials
BAK,Basic Materials
BALL,Consumer Cyclical
BALY,Consumer Cyclical
BAM,Financial Services
BANC,Financial Services
BAND,Technology
BANF,Financial Services
BANFP,Unknown
BANL,Energy
BANR,Financial Services
BANX,Financial Services
BAOS,Communication Services
BAP,Financial Services
BARK,Consumer Cyclical
BATL,Energy
BATRA,Communication Services
BATRK,Communication Services
BAX,Healthcare
BAYA,Financial Services
BB,Technology
BBAI,Technology
BBAR,Financial Services
BBBY,Unknown
BBCP,Industrials
BBD,Financial Services
BBDC,Financial Services
BBDO,Financial Services
BBGI,Communication Services
BBIO,Healthcare
BBLG,Healthcare
BBLGW,Unknown
BBN,Financial Services
BBNX,Healthcare
BBOT,Healthcare
BBSI,Industrials
BBT,Financial Services
BBUC,Industrials
BBVA,Financial Services
BBW,Consumer Cyclical
BBWI,Consumer Cyclical
BBY,Consumer Cyclical
BC,Consumer Cyclical
BCAB,Healthcare
BCAL,Financial Services
BCAR,Financial Services
BCARU,Financial Services
BCAT,Financial Services
BCAX,Healthcare
BCBP,Financial Services
BCC,Basic Materials
BCDA,Healthcare
BCE,Communication Services
BCG,Financial Services
BCH,Financial Services
BCHT,Industrials
BCIC,Financial Services
BCML,Financial Services
BCO,Industrials
BCPC,Basic Materials
BCRX,Healthcare
BCS,Financial Services
BCSF,Financial Services
BCSS,Financial Services
BCTX,Healthcare
BCV,Financial Services
BCX,Financial Services
BCYC,Healthcare
BDC,Technology
BDCI,Financial Services
BDCIU,Financial Services
BDJ,Financial Services
BDL,Consumer Cyclical
BDMD,Healthcare
BDN,Real Estate
BDRX,Healthcare
BDSX,Healthcare
BDTX,Healthcare
BDX,Healthcare
BE,Industrials
BEAG,Financial Services
BEAGU,Financial Services
BEAM,Healthcare
BEAT,Healthcare
BEEM,Technology
BEEP,Industrials
BEKE,Real Estate
BELFA,Technology
BELFB,Technology
BEN,Financial Services
BENF,Financial Services
BEP,Utilities
BEPC,Utilities
BEPH,Unknown
BEPI,Unknown
BEPJ,Unknown
BESS,Utilities
BETA,Industrials
BETR,Financial Services
BF-B,Consumer Defensive
BFAM,Consumer Cyclical
BFC,Financial Services
BFH,Financial Services
BFLY,Healthcare
BFRG,Healthcare
BFRI,Healthcare
BFS,Real Estate
BFST,Financial Services
BG,Consumer Defensive
BGB,Financial Services
BGC,Financial Services
BGH,Financial Services
BGI,Consumer Cyclical
BGIN,Technology
BGL,Basic Materials
BGLC,Basic Materials
BGM,Healthcare
BGMS,Healthcare
BGR,Financial Services
BGS,Consumer Defensive
BGSF,Industrials
BGSI,Consumer Cyclical
BGT,Financial Services
BGX,Financial Services
BGY,Financial Services
BH,Consumer Cyclical
BHB,Financial Services
BHC,Healthcare
BHE,Technology
BHF,Financial Services
BHFAL,Unknown
BHFAM,Financial Services
BHFAN,Financial Services
BHFAO,Financial Services
BHFAP,Financial Services
BHK,Financial Services
BHM,Real Estate
BHP,Basic Materials
BHR,Real Estate
BHRB,Financial Services
BHST,Consumer Defensive
BHV,Financial Services
BHVN,Healthcare
BIAF,Healthcare
BIDU,Communication Services
BIIB,Healthcare
BILI,Communication Services
BILL,Technology
BIO,Healthcare
BIOA,Healthcare
BIOX,Basic Materials
BIP,Utilities
BIPC,Utilities
BIPH,Unknown
BIPI,Unknown
BIPJ,Unknown
BIRD,Consumer Cyclical
BIRK,Consumer Cyclical
BIT,Financial Services
BIVI,Healthcare
BIYA,Technology
BJ,Consumer Defensive
BJDX,Healthcare
BJRI,Consumer Cyclical
BK,Financial Services
BKD,Healthcare
BKE,Consumer Cyclical
BKH,Utilities
BKKT,Technology
BKNG,Consumer Cyclical
BKR,Energy
BKSY,Industrials
BKT,Financial Services
BKTI,Technology
BKU,Financial Services
BKV,Energy
BKYI,Industrials
BL,Technology
BLBD,Industrials
BLCO,Healthcare
BLD,Industrials
BLDP,Industrials
BLDR,Industrials
BLFS,Healthcare
BLIN,Technology
BLIV,Technology
BLK,Financial Services
BLKB,Technology
BLLN,Healthcare
BLMN,Consumer Cyclical
BLND,Technology
BLNE,Financial Services
BLNK,Industrials
BLRX,Healthcare
BLSH,Technology
BLTE,Healthcare
BLUW,Financial Services
BLUWU,Financial Services
BLW,Financial Services
BLX,Financial Services
BLZE,Technology
BLZR,Financial Services
BLZRU,Financial Services
BMA,Financial Services
BMBL,Communication Services
BME,Financial Services
BMEA,Healthcare
BMEZ,Financial Services
BMGL,Healthcare
BMHL,Financial Services
BMI,Technology
BMN,Financial Services
BMNR,Financial Services
BMO,Financial Services
BMR,Technology
BMRA,Healthcare
BMRC,Financial Services
BMRN,Healthcare
BMY,Healthcare
BN,Financial Services
BNAI,Technology
BNBX,Financial Services
BNC,Industrials
BNED,Consumer Cyclical
BNGO,Healthcare
BNH,Unknown
BNJ,Unknown
BNKK,Financial Services
BNL,Real Estate
BNR,Healthcare
BNRG,Utilities
BNS,Financial Services
BNT,Financial Services
BNTC,Healthcare
BNTX,Healthcare
BNZI,Technology
BOC,Industrials
BODI,Communication Services
BOE,Financial Services
BOF,Consumer Defensive
BOH,Financial Services
BOKF,Financial Services
BOLD,Healthcare
BOLT,Healthcare
BON,Basic Materials
BOOM,Industrials
BOOT,Consumer Cyclical
BORR,Energy
BOSC,Technology
BOTJ,Financial Services
BOW,Financial Services
BOX,Technology
BOXL,Technology
BP,Energy
BPOP,Financial Services
BPOPM,Unknown
BPRN,Financial Services
BPYPM,Financial Services
BPYPN,Real Estate
BPYPO,Real Estate
BPYPP,Real Estate
BQ,Consumer Cyclical
BR,Technology
BRAG,Consumer Cyclical
BRBI,Financial Services
BRBR,Consumer Defensive
BRBS,Financial Services
BRC,Industrials
BRCB,Consumer Cyclical
BRCC,Consumer Defensive
BRFH,Consumer Defensive
BRIA,Consumer Cyclical
BRID,Consumer Defensive
BRK-B,Financial Services
BRKR,Healthcare
BRKRP,Healthcare
BRLS,Consumer Defensive
BRLT,Consumer Cyclical
BRN,Energy
BRNS,Healthcare
BRO,Financial Services
BROS,Consumer Cyclical
BRR,Financial Services
BRRWW,Unknown
BRSL,Consumer Cyclical
BRSP,Real Estate
BRT,Real Estate
BRTX,Healthcare
BRW,Financial Services
BRX,Real Estate
BRZE,Technology
BSAA,Financial Services
BSAC,Financial Services
BSBK,Financial Services
BSBR,Financial Services
BSET,Consumer Cyclical
BSL,Financial Services
BSM,Energy
BSRR,Financial Services
BST,Financial Services
BSTZ,Financial Services
BSVN,Financial Services
BSX,Healthcare
BSY,Technology
BTAI,Healthcare
BTBD,Consumer Cyclical
BTBT,Financial Services
BTCS,Financial Services
BTCT,Technology
BTDR,Technology
BTE,Energy
BTG,Basic Materials
BTI,Consumer Defensive
BTM,Financial Services
BTMD,Healthcare
BTO,Financial Services
BTOC,Industrials
BTOG,Financial Services
BTQ,Technology
BTSG,Healthcare
BTSGU,Healthcare
BTT,Financial Services
BTTC,Unknown
BTU,Energy
BTX,Financial Services
BTZ,Financial Services
BUD,Consumer Defensive
BUI,Financial Services
BULL,Technology
BULLW,Unknown
BUR,Financial Services
BURL,Consumer Cyclical
BURU,Industrials
BUSE,Financial Services
BUSEP,Financial Services
BUUU,Industrials
BV,Industrials
BVC,Technology
BVFL,Financial Services
BVN,Basic Materials
BVS,Healthcare
BW,Industrials
BWA,Consumer Cyclical
BWAY,Healthcare
BWB,Financial Services
BWBBP,Financial Services
BWEN,Industrials
BWFG,Financial Services
BWG,Financial Services
BWIN,Financial Services
BWLP,Industrials
BWMN,Industrials
BWMX,Consumer Cyclical
BWNB,Unknown
BWXT,Industrials
BX,Financial Services
BXC,Industrials
BXMT,Real Estate
BXP,Real Estate
BXSL,Financial Services
BY,Financial Services
BYAH,Consumer Defensive
BYD,Consumer Cyclical
BYFC,Financial Services
BYND,Consumer Defensive
BYRN,Industrials
BYSI,Healthcare
BZ,Communication Services
BZAI,Technology
BZFD,Communication Services
BZH,Consumer Cyclical
BZUN,Consumer Cyclical
C,Financial Services
CAAP,Industrials
CAAS,Consumer Cyclical
CABA,Healthcare
CABO,Communication Services
CABR,Healthcare
CAC,Financial Services
CACC,Financial Services
CACI,Technology
CADL,Healthcare
CAE,Industrials
CAEP,Financial Services
CAF,Financial Services
CAG,Consumer Defensive
CAH,Healthcare
CAI,Healthcare
CAKE,Consumer Cyclical
CAL,Consumer Cyclical
CALC,Healthcare
CALM,Consumer Defensive
CALX,Technology
CALY,Consumer Cyclical
CAMP,Healthcare
CAMT,Technology
CAN,Technology
CANF,Healthcare
CANG,Financial Services
CAPL,Energy
CAPN,Financial Services
CAPR,Healthcare
CAPS,Basic Materials
CAR,Industrials
CARE,Financial Services
CARG,Consumer Cyclical
CARL,Healthcare
CARR,Industrials
CARS,Communication Services
CART,Consumer Cyclical
CASH,Financial Services
CASS,Industrials
CASY,Consumer Cyclical
CAT,Industrials
CATO,Consumer Cyclical
CATX,Healthcare
CATY,Financial Services
CAVA,Consumer Cyclical
CB,Financial Services
CBAN,Financial Services
CBAT,Industrials
CBC,Financial Services
CBFV,Financial Services
CBIO,Healthcare
CBK,Financial Services
CBL,Real Estate
CBLL,Healthcare
CBNA,Financial Services
CBNK,Financial Services
CBOE,Financial Services
CBRE,Real Estate
CBRL,Consumer Cyclical
CBSH,Financial Services
CBT,Basic Materials
CBU,Financial Services
CBUS,Healthcare
CBZ,Industrials
CC,Basic Materials
CCAP,Financial Services
CCB,Financial Services
CCBG,Financial Services
CCC,Technology
CCCC,Healthcare
CCD,Financial Services
CCEC,Industrials
CCEL,Healthcare
CCEP,Consumer Defensive
CCG,Communication Services
CCHH,Consumer Cyclical
CCI,Real Estate
CCID,Financial Services
CCIF,Financial Services
CCII,Financial Services
CCIIU,Financial Services
CCIX,Financial Services
CCJ,Energy
CCK,Consumer Cyclical
CCL,Consumer Cyclical
CCLD,Healthcare
CCLDO,Healthcare
CCM,Healthcare
CCNE,Financial Services
CCNEP,Financial Services
CCO,Communication Services
CCOI,Communication Services
CCRN,Healthcare
CCS,Real Estate
CCSI,Technology
CCTG,Industrials
CCU,Consumer Defensive
CCZ,Unknown
CD,Financial Services
CDE,Basic Materials
CDIO,Healthcare
CDLR,Industrials
CDLX,Communication Services
CDNA,Healthcare
CDNS,Technology
CDP,Real Estate
CDRE,Industrials
CDRO,Consumer Cyclical
CDT,Healthcare
CDTG,Industrials
CDW,Technology
CDXS,Healthcare
CDZI,Utilities
CDZIP,Utilities
CE,Basic Materials
CECO,Industrials
CEE,Financial Services
CEG,Utilities
CELC,Healthcare
CELH,Consumer Defensive
CELU,Healthcare
CELZ,Healthcare
CENN,Consumer Cyclical
CENT,Consumer Defensive
CENTA,Consumer Defensive
CENX,Basic Materials
CEPF,Financial Services
CEPO,Financial Services
CEPT,Financial Services
CEPU,Utilities
CEPV,Financial Services
CERS,Healthcare
CERT,Healthcare
CET,Financial Services
CETX,Technology
CETY,Industrials
CEV,Financial Services
CEVA,Technology
CF,Basic Materials
CFBK,Financial Services
CFFI,Financial Services
CFFN,Financial Services
CFG,Financial Services
CFND,Financial Services
CFR,Financial Services
CG,Financial Services
CGABL,Unknown
CGAU,Basic Materials
CGBD,Financial Services
CGC,Healthcare
CGCT,Financial Services
CGCTU,Financial Services
CGEM,Healthcare
CGEN,Healthcare
CGNT,Technology
CGNX,Technology
CGO,Financial Services
CGON,Healthcare
CGTL,Consumer Cyclical
CGTX,Healthcare
CHA,Consumer Cyclical
CHAI,Communication Services
CHAR,Financial Services
CHCI,Real Estate
CHCO,Financial Services
CHCT,Real Estate
CHD,Consumer Defensive
CHDN,Consumer Cyclical
CHE,Healthcare
CHEC,Financial Services
CHEF,Consumer Defensive
CHGG,Consumer Defensive
CHH,Consumer Cyclical
CHI,Financial Services
CHKP,Technology
CHMG,Financial Services
CHMI,Real Estate
CHNR,Basic Materials
CHOW,Technology
CHPG,Financial Services
CHPT,Consumer Cyclical
CHR,Communication Services
CHRD,Energy
CHRS,Healthcare
CHRW,Industrials
CHSCL,Consumer Defensive
CHSCM,Consumer Defensive
CHSCN,Consumer Defensive
CHSCO,Consumer Defensive
CHSCP,Consumer Defensive
CHSN,Consumer Cyclical
CHT,Communication Services
CHTR,Communication Services
CHW,Financial Services
CHWY,Consumer Cyclical
CHY,Financial Services
CHYM,Technology
CI,Healthcare
CIA,Financial Services
CIB,Financial Services
CICB,Unknown
CIEN,Technology
CIF,Financial Services
CIFR,Technology
CIG,Utilities
CIGI,Real Estate
CII,Financial Services
CIIT,Industrials
CIK,Financial Services
CIM,Real Estate
CIMN,Unknown
CIMO,Unknown
CIMP,Unknown
CINF,Financial Services
CING,Healthcare
CINT,Technology
CION,Financial Services
CISO,Technology
CISS,Industrials
CIVB,Financial Services
CIX,Industrials
CJMB,Industrials
CKX,Energy
CL,Consumer Defensive
CLAR,Consumer Cyclical
CLB,Energy
CLBK,Financial Services
CLBT,Technology
CLDI,Healthcare
CLDT,Real Estate
CLDX,Healthcare
CLF,Basic Materials
CLFD,Technology
CLGN,Healthcare
CLH,Industrials
CLIK,Consumer Cyclical
CLIR,Industrials
CLLS,Healthcare
CLM,Financial Services
CLMB,Technology
CLMT,Basic Materials
CLNE,Energy
CLNN,Consumer Defensive
CLOV,Healthcare
CLPR,Real Estate
CLPS,Technology
CLPT,Healthcare
CLRB,Healthcare
CLRO,Technology
CLS,Technology
CLSK,Financial Services
CLST,Financial Services
CLVT,Technology
CLW,Basic Materials
CLWT,Industrials
CLX,Consumer Defensive
CLYM,Healthcare
CM,Financial Services
CMBT,Energy
CMC,Industrials
CMCL,Basic Materials
CMCM,Communication Services
CMCO,Industrials
CMCSA,Communication Services
CMCT,Real Estate
CMDB,Industrials
CME,Financial Services
CMG,Consumer Cyclical
CMI,Industrials
CMMB,Healthcare
CMND,Healthcare
CMP,Basic Materials
CMPR,Industrials
CMPS,Healthcare
CMPX,Healthcare
CMRC,Technology
CMRE,Industrials
CMS,Utilities
CMSA,Unknown
CMSC,Unknown
CMSD,Unknown
CMT,Basic Materials
CMTG,Real Estate
CMTL,Technology
CMTV,Financial Services
CMU,Financial Services
CNA,Financial Services
CNC,Healthcare
CNCK,Financial Services
CNDT,Technology
CNET,Communication Services
CNEY,Basic Materials
CNF,Financial Services
CNH,Industrials
CNI,Industrials
CNK,Communication Services
CNL,Basic Materials
CNM,Industrials
CNMD,Healthcare
CNNE,Consumer Cyclical
CNO,Financial Services
CNOB,Financial Services
CNOBP,Financial Services
CNP,Utilities
CNQ,Energy
CNR,Energy
CNS,Financial Services
CNSP,Healthcare
CNTA,Healthcare
CNTB,Healthcare
CNTN,Healthcare
CNTX,Healthcare
CNTY,Consumer Cyclical
CNVS,Communication Services
CNX,Energy
CNXC,Technology
CNXN,Technology
COCH,Healthcare
COCO,Consumer Defensive
COCP,Healthcare
CODA,Industrials
CODI,Industrials
CODX,Healthcare
COE,Consumer Defensive
COEP,Healthcare
COF,Financial Services
COFS,Financial Services
COGT,Healthcare
COHN,Financial Services
COHR,Technology
COHU,Technology
COIN,Financial Services
COKE,Consumer Defensive
COLA,Financial Services
COLAU,Financial Services
COLB,Financial Services
COLD,Real Estate
COLL,Healthcare
COLM,Consumer Cyclical
COMP,Real Estate
CON,Healthcare
COO,Healthcare
COOK,Consumer Cyclical
COOT,Consumer Defensive
COP,Energy
COPL,Financial Services
COR,Healthcare
CORT,Healthcare
CORZ,Technology
COSM,Healthcare
COSO,Financial Services
COST,Consumer Defensive
COTY,Consumer Defensive
COUR,Consumer Defensive
COYA,Healthcare
CP,Industrials
CPA,Industrials
CPAC,Basic Materials
CPAY,Technology
CPB,Consumer Defensive
CPBI,Financial Services
CPF,Financial Services
CPHC,Consumer Cyclical
CPHI,Healthcare
CPIX,Healthcare
CPK,Utilities
CPNG,Consumer Cyclical
CPOP,Communication Services
CPRI,Consumer Cyclical
CPRT,Industrials
CPRX,Healthcare
CPS,Consumer Cyclical
CPSH,Technology
CPSS,Financial Services
CPT,Real Estate
CPZ,Financial Services
CQP,Energy
CR,Industrials
CRAI,Industrials
CRAQ,Financial Services
CRAQU,Financial Services
CRBD,Unknown
CRBG,Financial Services
CRBP,Healthcare
CRBU,Healthcare
CRC,Energy
CRCL,Financial Services
CRCT,Technology
CRDF,Healthcare
CRDL,Healthcare
CRDO,Technology
CRE,Industrials
CREG,Utilities
CRESY,Industrials
CREX,Technology
CRF,Financial Services
CRGO,Industrials
CRGY,Energy
CRH,Basic Materials
CRI,Consumer Cyclical
CRIS,Healthcare
CRK,Energy
CRL,Healthcare
CRM,Technology
CRMD,Healthcare
CRML,Basic Materials
CRMT,Consumer Cyclical
CRNC,Technology
CRNT,Technology
CRNX,Healthcare
CRON,Healthcare
CROX,Consumer Cyclical
CRS,Industrials
CRSP,Healthcare
CRSR,Technology
CRT,Energy
CRTO,Communication Services
CRUS,Technology
CRVL,Financial Services
CRVO,Healthcare
CRVS,Healthcare
CRWD,Technology
CRWS,Consumer Cyclical
CRWV,Technology
CSAI,Technology
CSAN,Energy
CSBR,Healthcare
CSCO,Technology
CSGP,Real Estate
CSGS,Technology
CSIQ,Technology
CSL,Industrials
CSPI,Technology
CSQ,Financial Services
CSR,Real Estate
CSTE,Industrials
CSTL,Healthcare
CSTM,Basic Materials
CSV,Consumer Cyclical
CSW,Industrials
CSWC,Financial Services
CSX,Industrials
CTA,Unknown
CTAS,Industrials
CTBB,Unknown
CTBI,Financial Services
CTDD,Unknown
CTEV,Healthcare
CTGO,Basic Materials
CTKB,Healthcare
CTLP,Technology
CTM,Technology
CTMX,Healthcare
CTNM,Healthcare
CTNT,Industrials
CTO,Real Estate
CTOR,Healthcare
CTOS,Industrials
CTRA,Energy
CTRE,Real Estate
CTRI,Utilities
CTRM,Industrials
CTRN,Consumer Cyclical
CTS,Technology
CTSH,Technology
CTSO,Healthcare
CTVA,Basic Materials
CTW,Communication Services
CTXR,Healthcare
CUB,Financial Services
CUBB,Unknown
CUBE,Real Estate
CUBI,Financial Services
CUBWU,Financial Services
CUE,Healthcare
CUK,Consumer Cyclical
CULP,Consumer Cyclical
CUPR,Healthcare
CURB,Real Estate
CURI,Communication Services
CURR,Technology
CURV,Consumer Cyclical
CURX,Healthcare
CUZ,Real Estate
CV,Healthcare
CVBF,Financial Services
CVCO,Consumer Cyclical
CVE,Energy
CVEO,Consumer Cyclical
CVGI,Consumer Cyclical
CVGW,Consumer Defensive
CVI,Energy
CVKD,Healthcare
CVLG,Industrials
CVLT,Technology
CVM,Healthcare
CVNA,Consumer Cyclical
CVR,Industrials
CVRX,Healthcare
CVS,Healthcare
CVSA,Consumer Defensive
CVU,Industrials
CVV,Industrials
CVX,Energy
CW,Industrials
CWAN,Technology
CWBC,Financial Services
CWCO,Utilities
CWD,Financial Services
CWEN,Utilities
CWH,Consumer Cyclical
CWK,Real Estate
CWST,Industrials
CWT,Utilities
CX,Basic Materials
CXAI,Technology
CXDO,Communication Services
CXE,Financial Services
CXH,Financial Services
CXM,Technology
CXT,Industrials
CXW,Industrials
CYCN,Healthcare
CYCU,Technology
CYD,Consumer Cyclical
CYH,Healthcare
CYN,Technology
CYPH,Financial Services
CYRX,Industrials
CYTK,Healthcare
CZFS,Financial Services
CZNC,Financial Services
CZR,Consumer Cyclical
CZWI,Financial Services
D,Utilities
DAAQ,Financial Services
DAC,Industrials
DAIC,Technology
DAIO,Technology
DAKT,Technology
DAL,Industrials
DAN,Consumer Cyclical
DAO,Consumer Defensive
DAR,Consumer Defensive
DARE,Healthcare
DASH,Consumer Cyclical
DAVA,Technology
DAVE,Technology
DAWN,Healthcare
DB,Financial Services
DBD,Technology
DBGI,Consumer Cyclical
DBI,Consumer Cyclical
DBL,Financial Services
DBRG,Financial Services
DBVT,Healthcare
DBX,Technology
DC,Basic Materials
DCBG,Unknown
DCBO,Technology
DCGO,Healthcare
DCH,Consumer Cyclical
DCI,Industrials
DCO,Industrials
DCOM,Financial Services
DCOY,Healthcare
DCTH,Healthcare
DCX,Consumer Cyclical
DD,Basic Materials
DDC,Consumer Defensive
DDD,Technology
DDI,Communication Services
DDL,Consumer Defensive
DDOG,Technology
DDS,Consumer Cyclical
DDT,Unknown
DE,Industrials
DEA,Real Estate
DEC,Energy
DECK,Consumer Cyclical
DEFT,Financial Services
DEI,Real Estate
DELL,Technology
DEO,Consumer Defensive
DERM,Healthcare
DEVS,Industrials
DFDV,Financial Services
DFDVW,Unknown
DFH,Consumer Cyclical
DFIN,Technology
DFLI,Industrials
DFNS,Industrials
DFP,Financial Services
DFSC,Industrials
DFTX,Healthcare
DG,Consumer Defensive
DGICA,Financial Services
DGICB,Financial Services
DGII,Technology
DGNX,Industrials
DGX,Healthcare
DGXX,Utilities
DH,Healthcare
DHC,Real Estate
DHCNI,Unknown
DHF,Financial Services
DHI,Consumer Cyclical
DHR,Healthcare
DHT,Energy
DHX,Technology
DHY,Financial Services
DIBS,Communication Services
DIN,Consumer Cyclical
DINO,Energy
DIOD,Technology
DIS,Communication Services
DIT,Consumer Defensive
DJCO,Technology
DJT,Communication Services
DJTWW,Unknown
DK,Energy
DKI,Communication Services
DKL,Energy
DKNG,Consumer Cyclical
DKS,Consumer Cyclical
DLB,Industrials
DLHC,Industrials
DLNG,Energy
DLO,Technology
DLPN,Communication Services
DLR,Real Estate
DLTH,Consumer Cyclical
DLTR,Consumer Defensive
DLX,Industrials
DLXY,Energy
DLY,Financial Services
DMA,Financial Services
DMAA,Financial Services
DMAC,Healthcare
DMB,Financial Services
DMIIU,Financial Services
DMLP,Energy
DMO,Financial Services
DMRA,Healthcare
DMRC,Technology
DNA,Healthcare
DNLI,Healthcare
DNMX,Financial Services
DNMXU,Financial Services
DNN,Energy
DNOW,Industrials
DNP,Financial Services
DNTH,Healthcare
DNUT,Consumer Defensive
DOC,Real Estate
DOCN,Technology
DOCS,Healthcare
DOCU,Technology
DOGZ,Consumer Cyclical
DOLE,Consumer Defensive
DOMH,Financial Services
DOMO,Technology
DOO,Consumer Cyclical
DORM,Consumer Cyclical
DOUG,Real Estate
DOV,Industrials
DOW,Basic Materials
DOX,Technology
DOYU,Communication Services
DPG,Financial Services
DPRO,Technology
DPZ,Consumer Cyclical
DQ,Technology
DRCT,Communication Services
DRD,Basic Materials
DRDB,Financial Services
DRH,Real Estate
DRI,Consumer Cyclical
DRIO,Healthcare
DRMA,Healthcare
DRS,Industrials
DRTS,Healthcare
DRUG,Healthcare
DRVN,Consumer Cyclical
DSGN,Healthcare
DSGR,Industrials
DSGX,Technology
DSL,Financial Services
DSM,Financial Services
DSP,Technology
DSS,Consumer Cyclical
DSU,Financial Services
DSWL,Technology
DSX,Industrials
DSY,Consumer Defensive
DT,Technology
DTB,Unknown
DTCX,Financial Services
DTE,Utilities
DTF,Financial Services
DTG,Unknown
DTI,Energy
DTIL,Healthcare
DTK,Unknown
DTM,Energy
DTSQ,Financial Services
DTSQU,Financial Services
DTSS,Technology
DTST,Technology
DTW,Unknown
DUK,Utilities
DUKB,Unknown
DUO,Real Estate
DUOL,Technology
DUOT,Technology
DV,Communication Services
DVA,Healthcare
DVLT,Technology
DVN,Energy
DWSN,Energy
DWTX,Healthcare
DX,Real Estate
DXC,Technology
DXCM,Healthcare
DXF,Financial Services
DXLG,Consumer Cyclical
DXPE,Industrials
DXR,Healthcare
DXST,Industrials
DXYZ,Financial Services
DY,Industrials
DYAI,Healthcare
DYN,Healthcare
DYOR,Financial Services
DYORU,Financial Services
E,Energy
EA,Communication Services
EAD,Financial Services
EAF,Industrials
EARN,Financial Services
EAT,Consumer Cyclical
EBAY,Consumer Cyclical
EBC,Financial Services
EBF,Industrials
EBMT,Financial Services
EBON,Technology
EBS,Healthcare
EC,Energy
ECAT,Financial Services
ECBK,Financial Services
ECC,Financial Services
ECCC,Financial Services
ECCU,Unknown
ECCV,Unknown
ECCW,Unknown
ECCX,Unknown
ECF,Financial Services
ECG,Industrials
ECL,Basic Materials
ECO,Industrials
ECOR,Healthcare
ECPG,Financial Services
ECVT,Basic Materials
ECX,Consumer Cyclical
ED,Utilities
EDAP,Healthcare
EDBL,Consumer Defensive
EDD,Financial Services
EDF,Financial Services
EDHL,Communication Services
EDIT,Healthcare
EDN,Utilities
EDRY,Industrials
EDSA,Healthcare
EDTK,Consumer Defensive
EDU,Consumer Defensive
EDUC,Communication Services
EE,Energy
EEA,Financial Services
EEFT,Technology
EEIQ,Consumer Defensive
EEX,Communication Services
EFC,Real Estate
EFOI,Consumer Cyclical
EFR,Financial Services
EFSC,Financial Services
EFSCP,Financial Services
EFSI,Financial Services
EFT,Financial Services
EFX,Industrials
EFXT,Energy
EG,Financial Services
EGAN,Technology
EGBN,Financial Services
EGO,Basic Materials
EGP,Real Estate
EGY,Energy
EH,Industrials
EHAB,Healthcare
EHC,Healthcare
EHGO,Industrials
EHI,Financial Services
EHLD,Industrials
EHTH,Financial Services
EIC,Financial Services
EICA,Financial Services
EIG,Financial Services
EIIA,Financial Services
EIM,Financial Services
EIX,Utilities
EJH,Consumer Cyclical
EKSO,Healthcare
EL,Consumer Defensive
ELA,Consumer Cyclical
ELAB,Healthcare
ELAN,Healthcare
ELBM,Basic Materials
ELC,Unknown
ELDN,Healthcare
ELE,Basic Materials
ELF,Consumer Defensive
ELLO,Utilities
ELMD,Healthcare
ELME,Real Estate
ELOG,Industrials
ELPC,Utilities
ELPW,Industrials
ELS,Real Estate
ELSE,Technology
ELTK,Technology
ELTX,Healthcare
ELUT,Healthcare
ELV,Healthcare
ELVA,Industrials
ELVN,Healthcare
ELVR,Basic Materials
ELWT,Communication Services
EM,Consumer Cyclical
EMA,Utilities
EMBC,Healthcare
EMBJ,Industrials
EMD,Financial Services
EME,Industrials
EMF,Financial Services
EMIS,Financial Services
EML,Industrials
EMN,Basic Materials
EMO,Financial Services
EMPD,Consumer Cyclical
EMR,Industrials
ENB,Energy
ENGN,Healthcare
ENGS,Industrials
ENIC,Utilities
ENJ,Unknown
ENLT,Utilities
ENLV,Healthcare
ENO,Unknown
ENOV,Healthcare
ENPH,Technology
ENR,Industrials
ENS,Industrials
ENSC,Healthcare
ENSG,Healthcare
ENTA,Healthcare
ENTG,Technology
ENTX,Healthcare
ENVA,Financial Services
ENVB,Healthcare
ENVX,Industrials
EOD,Financial Services
EOG,Energy
EOI,Financial Services
EOLS,Healthcare
EONR,Energy
EOS,Financial Services
EOSE,Industrials
EOT,Financial Services
EP,Energy
EPAC,Industrials
EPAM,Technology
EPC,Consumer Defensive
EPD,Energy
EPM,Energy
EPOW,Industrials
EPR,Real Estate
EPRT,Real Estate
EPRX,Healthcare
EPSM,Consumer Defensive
EPSN,Energy
EQ,Healthcare
EQBK,Financial Services
EQH,Financial Services
EQIX,Real Estate
EQNR,Energy
EQR,Real Estate
EQS,Financial Services
EQT,Energy
EQX,Basic Materials
ERAS,Healthcare
ERC,Financial Services
ERH,Financial Services
ERIC,Technology
ERIE,Financial Services
ERII,Industrials
ERNA,Healthcare
ERO,Basic Materials
ES,Utilities
ESAB,Industrials
ESCA,Consumer Cyclical
ESE,Technology
ESEA,Industrials
ESHA,Financial Services
ESI,Basic Materials
ESLA,Healthcare
ESLT,Industrials
ESNT,Financial Services
ESOA,Industrials
ESP,Industrials
ESPR,Healthcare
ESQ,Financial Services
ESRT,Real Estate
ESS,Real Estate
ESTA,Healthcare
ESTC,Technology
ET,Energy
ETB,Financial Services
ETD,Consumer Cyclical
ETG,Financial Services
ETHM,Financial Services
ETHMU,Financial Services
ETI,Unknown
ETJ,Financial Services
ETN,Industrials
ETO,Financial Services
ETON,Healthcare
ETOR,Financial Services
ETR,Utilities
ETS,Industrials
ETSY,Consumer Cyclical
ETV,Financial Services
ETW,Financial Services
ETX,Financial Services
ETY,Financial Services
EU,Energy
EUDA,Real Estate
EURK,Financial Services
EVAC,Financial Services
EVAX,Healthcare
EVC,Communication Services
EVCM,Technology
EVER,Communication Services
EVEX,Industrials
EVF,Financial Services
EVG,Financial Services
EVGN,Healthcare
EVGO,Consumer Cyclical
EVGOW,Unknown
EVH,Healthcare
EVI,Industrials
EVLV,Industrials
EVMN,Healthcare
EVN,Financial Services
EVO,Healthcare
EVOXU,Financial Services
EVR,Financial Services
EVRG,Utilities
EVT,Financial Services
EVTC,Technology
EVTL,Industrials
EVTV,Consumer Cyclical
EVV,Financial Services
EW,Healthcare
EWBC,Financial Services
EWCZ,Consumer Defensive
EWTX,Healthcare
EXC,Utilities
EXE,Energy
EXEL,Healthcare
EXFY,Technology
EXG,Financial Services
EXK,Basic Materials
EXLS,Technology
EXOD,Technology
EXOZ,Healthcare
EXP,Basic Materials
EXPD,Industrials
EXPE,Consumer Cyclical
EXPI,Real Estate
EXPO,Industrials
EXR,Real Estate
EXTR,Technology
EYE,Consumer Cyclical
EYPT,Healthcare
EZGO,Consumer Cyclical
EZPW,Financial Services
EZRA,Financial Services
F,Consumer Cyclical
FA,Industrials
FACT,Unknown
FACTU,Financial Services
FAF,Financial Services
FAMI,Consumer Defensive
FANG,Energy
FARM,Consumer Defensive
FAST,Industrials
FATE,Healthcare
FATN,Technology
FAX,Financial Services
FBGL,Industrials
FBIN,Industrials
FBIO,Healthcare
FBIOP,Healthcare
FBIZ,Financial Services
FBK,Financial Services
FBLA,Financial Services
FBLG,Healthcare
FBNC,Financial Services
FBP,Financial Services
FBRT,Real Estate
FBRX,Healthcare
FBYD,Industrials
FC,Consumer Defensive
FCAP,Financial Services
FCBC,Financial Services
FCCO,Financial Services
FCEL,Industrials
FCF,Financial Services
FCFS,Financial Services
FCHL,Consumer Defensive
FCN,Industrials
FCNCA,Financial Services
FCNCO,Financial Services
FCNCP,Financial Services
FCO,Financial Services
FCPT,Real Estate
FCRS,Financial Services
FCRX,Unknown
FCT,Financial Services
FCUV,Technology
FCX,Basic Materials
FDBC,Financial Services
FDMT,Healthcare
FDP,Consumer Defensive
FDS,Financial Services
FDSB,Financial Services
FDUS,Financial Services
FDX,Industrials
FE,Utilities
FEAM,Basic Materials
FEBO,Technology
FEDU,Consumer Defensive
FEED,Healthcare
FEIM,Technology
FELE,Industrials
FEMY,Healthcare
FENC,Healthcare
FENG,Communication Services
FER,Industrials
FERA,Financial Services
FERG,Industrials
FET,Energy
FF,Basic Materials
FFA,Financial Services
FFAI,Consumer Cyclical
FFBC,Financial Services
FFC,Financial Services
FFIC,Financial Services
FFIN,Financial Services
FFIV,Technology
FG,Financial Services
FGBI,Financial Services
FGBIP,Financial Services
FGI,Consumer Cyclical
FGL,Industrials
FGMC,Financial Services
FGMCU,Financial Services
FGN,Unknown
FGNX,Financial Services
FGNXP,Financial Services
FGSN,Unknown
FHB,Financial Services
FHI,Financial Services
FHN,Financial Services
FHTX,Healthcare
FIBK,Financial Services
FICO,Technology
FIEE,Technology
FIG,Technology
FIGR,Financial Services
FIGS,Consumer Cyclical
FIGX,Financial Services
FIHL,Financial Services
FINS,Financial Services
FINV,Financial Services
FINW,Financial Services
FIP,Industrials
FIS,Technology
FISI,Financial Services
FISV,Unknown
FITB,Financial Services
FITBI,Financial Services
FITBO,Financial Services
FITBP,Financial Services
FIVE,Consumer Cyclical
FIVN,Technology
FIX,Industrials
FIZZ,Consumer Defensive
FKWL,Technology
FLC,Financial Services
FLD,Financial Services
FLEX,Technology
FLG,Financial Services
FLGT,Healthcare
FLL,Consumer Cyclical
FLNA,Healthcare
FLNC,Utilities
FLNG,Energy
FLNT,Communication Services
FLO,Consumer Defensive
FLOC,Energy
FLR,Industrials
FLS,Industrials
FLUT,Consumer Cyclical
FLUX,Industrials
FLWS,Consumer Cyclical
FLX,Industrials
FLXS,Consumer Cyclical
FLY,Industrials
FLYE,Consumer Cyclical
FLYW,Technology
FLYX,Industrials
FMAO,Financial Services
FMBH,Financial Services
FMC,Basic Materials
FMFC,Consumer Cyclical
FMN,Financial Services
FMNB,Financial Services
FMS,Healthcare
FMST,Basic Materials
FMX,Consumer Defensive
FMY,Financial Services
FN,Technology
FNB,Financial Services
FND,Consumer Cyclical
FNF,Financial Services
FNGR,Communication Services
FNKO,Consumer Cyclical
FNLC,Financial Services
FNRN,Financial Services
FNUC,Basic Materials
FNV,Basic Materials
FNWB,Financial Services
FNWD,Financial Services
FOA,Financial Services
FOF,Financial Services
FOFO,Industrials
FOLD,Healthcare
FONR,Healthcare
FOR,Real Estate
FORA,Healthcare
FORM,Technology
FORR,Industrials
FORTY,Technology
FOSL,Consumer Cyclical
FOUR,Technology
FOX,Communication Services
FOXA,Communication Services
FOXF,Consumer Cyclical
FOXX,Technology
FPF,Financial Services
FPH,Real Estate
FPI,Real Estate
FR,Real Estate
FRA,Financial Services
FRAF,Financial Services
FRBA,Financial Services
FRD,Basic Materials
FRGT,Technology
FRHC,Financial Services
FRME,Financial Services
FRMEP,Financial Services
FRMI,Real Estate
FRMM,Technology
FRO,Energy
FROG,Technology
FRPH,Real Estate
FRPT,Consumer Defensive
FRSH,Technology
FRST,Financial Services
FRSX,Consumer Cyclical
FRT,Real Estate
FSBC,Financial Services
FSBW,Financial Services
FSCO,Financial Services
FSEA,Financial Services
FSHP,Financial Services
FSI,Basic Materials
FSK,Financial Services
FSLR,Technology
FSLY,Technology
FSM,Basic Materials
FSP,Real Estate
FSS,Industrials
FSSL,Unknown
FSTR,Industrials
FSUN,Financial Services
FSV,Real Estate
FT,Financial Services
FTAI,Industrials
FTAIM,Industrials
FTAIN,Industrials
FTCI,Technology
FTDR,Consumer Cyclical
FTEK,Industrials
FTF,Financial Services
FTFT,Technology
FTHM,Real Estate
FTHY,Financial Services
FTI,Energy
FTK,Energy
FTLF,Consumer Defensive
FTNT,Technology
FTRE,Healthcare
FTRK,Communication Services
FTS,Utilities
FTV,Technology
FTW,Energy
FUBO,Communication Services
FUFU,Financial Services
FUL,Basic Materials
FULC,Healthcare
FULT,Financial Services
FULTP,Financial Services
FUN,Consumer Cyclical
FUNC,Financial Services
FUND,Financial Services
FURY,Basic Materials
FUSB,Financial Services
FUSE,Technology
FUSEW,Unknown
FUTU,Financial Services
FVCB,Financial Services
FVN,Financial Services
FVNNR,Unknown
FVR,Real Estate
FVRR,Communication Services
FWDI,Consumer Cyclical
FWONA,Communication Services
FWONK,Communication Services
FWRD,Industrials
FWRG,Consumer Cyclical
FXNC,Financial Services
G,Technology
GAB,Financial Services
GABC,Financial Services
GAIA,Communication Services
GAIN,Financial Services
GAINI,Unknown
GAINN,Unknown
GAINZ,Unknown
GALT,Healthcare
GAM,Financial Services
GAMB,Consumer Cyclical
GAME,Communication Services
GANX,Healthcare
GAP,Consumer Cyclical
GASS,Industrials
GATX,Industrials
GAU,Basic Materials
GAUZ,Technology
GBAB,Financial Services
GBCI,Financial Services
GBDC,Financial Services
GBFH,Financial Services
GBLI,Financial Services
GBR,Real Estate
GBTG,Consumer Cyclical
GBX,Industrials
GCBC,Financial Services
GCL,Communication Services
GCMG,Financial Services
GCO,Consumer Cyclical
GCT,Technology
GCTK,Healthcare
GCTS,Technology
GCV,Financial Services
GD,Industrials
GDC,Communication Services
GDDY,Technology
GDEN,Consumer Cyclical
GDEV,Communication Services
GDHG,Consumer Cyclical
GDL,Financial Services
GDO,Financial Services
GDOT,Financial Services
GDRX,Healthcare
GDS,Technology
GDTC,Healthcare
GDV,Financial Services
GDYN,Technology
GE,Industrials
GECC,Financial Services
GECCG,Unknown
GECCH,Unknown
GECCI,Unknown
GECCO,Unknown
GEF,Consumer Cyclical
GEG,Financial Services
GEGGL,Unknown
GEHC,Healthcare
GEL,Energy
GELS,Healthcare
GEMI,Financial Services
GEN,Technology
GENC,Industrials
GENI,Communication Services
GENK,Consumer Cyclical
GENVR,Unknown
GEO,Industrials
GEOS,Energy
GERN,Healthcare
GETY,Communication Services
GEV,Industrials
GEVO,Basic Materials
GF,Financial Services
GFAI,Industrials
GFF,Industrials
GFI,Basic Materials
GFL,Industrials
GFR,Energy
GFS,Technology
GGAL,Financial Services
GGB,Basic Materials
GGG,Industrials
GGN,Financial Services
GGR,Consumer Cyclical
GGRP,Technology
GGT,Financial Services
GGZ,Financial Services
GH,Healthcare
GHC,Consumer Defensive
GHG,Consumer Cyclical
GHI,Financial Services
GHM,Industrials
GHRS,Healthcare
GHY,Financial Services
GIB,Technology
GIBO,Communication Services
GIC,Industrials
GIFT,Communication Services
GIG,Financial Services
GIGGU,Financial Services
GIGM,Communication Services
GIII,Consumer Cyclical
GIL,Consumer Cyclical
GILD,Healthcare
GILT,Technology
GIPR,Real Estate
GIS,Consumer Defensive
GITS,Communication Services
GIW,Financial Services
GIWWU,Financial Services
GJH,Unknown
GJO,Unknown
GJP,Unknown
GJR,Unknown
GJS,Unknown
GJT,Unknown
GKOS,Healthcare
GL,Financial Services
GLAD,Financial Services
GLBE,Consumer Cyclical
GLBS,Industrials
GLDG,Basic Materials
GLE,Technology
GLIBA,Communication Services
GLIBK,Communication Services
GLMD,Healthcare
GLNG,Energy
GLO,Financial Services
GLOB,Technology
GLOO,Technology
GLP,Energy
GLPG,Healthcare
GLPI,Real Estate
GLQ,Financial Services
GLRE,Financial Services
GLSI,Healthcare
GLU,Financial Services
GLUE,Healthcare
GLV,Financial Services
GLW,Technology
GLXG,Industrials
GLXY,Financial Services
GM,Consumer Cyclical
GMAB,Healthcare
GME,Consumer Cyclical
GMED,Healthcare
GMEX,Technology
GMHS,Communication Services
GMM,Technology
GNE,Utilities
GNK,Industrials
GNL,Real Estate
GNLN,Consumer Defensive
GNLX,Healthcare
GNPX,Healthcare
GNRC,Industrials
GNS,Consumer Defensive
GNSS,Technology
GNT,Financial Services
GNTA,Healthcare
GNTX,Consumer Cyclical
GNW,Financial Services
GO,Consumer Defensive
GOCO,Financial Services
GOF,Financial Services
GOGO,Communication Services
GOLD,Financial Services
GOLF,Consumer Cyclical
GOOD,Real Estate
GOODN,Real Estate
GOODO,Unknown
GOOG,Communication Services
GOOGL,Communication Services
GOOS,Consumer Cyclical
GORO,Basic Materials
GOSS,Healthcare
GOTU,Consumer Defensive
GOVX,Healthcare
GP,Industrials
GPAT,Financial Services
GPATU,Financial Services
GPC,Consumer Cyclical
GPCR,Healthcare
GPGI,Industrials
GPI,Consumer Cyclical
GPJA,Unknown
GPK,Consumer Cyclical
GPMT,Real Estate
GPN,Industrials
GPOR,Energy
GPRE,Basic Materials
GPRK,Energy
GPRO,Technology
GPUS,Industrials
GRAB,Technology
GRABW,Unknown
GRAF,Financial Services
GRAL,Healthcare
GRAN,Financial Services
GRBK,Consumer Cyclical
GRC,Industrials
GRCE,Healthcare
GRDN,Healthcare
GRDX,Healthcare
GREE,Financial Services
GREEL,Unknown
GRF,Financial Services
GRFS,Healthcare
GRI,Healthcare
GRML,Basic Materials
GRMN,Technology
GRND,Technology
GRNQ,Industrials
GRNT,Energy
GRO,Basic Materials
GROV,Consumer Defensive
GROW,Financial Services
GROY,Basic Materials
GRPN,Communication Services
GRRR,Technology
GRVY,Communication Services
GRWG,Consumer Cyclical
GRX,Financial Services
GS,Financial Services
GSAT,Communication Services
GSBC,Financial Services
GSBD,Financial Services
GSHD,Financial Services
GSHR,Financial Services
GSIT,Technology
GSIW,Financial Services
GSK,Healthcare
GSL,Industrials
GSM,Basic Materials
GSRF,Financial Services
GSRFR,Unknown
GSUN,Consumer Defensive
GT,Consumer Cyclical
GTBP,Healthcare
GTE,Energy
GTEC,Consumer Cyclical
GTEN,Financial Services
GTENU,Financial Services
GTERA,Financial Services
GTERU,Financial Services
GTES,Industrials
GTIM,Consumer Cyclical
GTLB,Technology
GTLS,Industrials
GTM,Technology
GTN,Communication Services
GTX,Consumer Cyclical
GTY,Real Estate
GUG,Financial Services
GURE,Basic Materials
GUT,Financial Services
GUTS,Healthcare
GV,Consumer Defensive
GVA,Industrials
GVH,Industrials
GWAV,Industrials
GWH,Industrials
GWRE,Technology
GWRS,Utilities
GWW,Industrials
GXAI,Communication Services
GXO,Industrials
GYRE,Healthcare
GYRO,Real Estate
H,Consumer Cyclical
HAE,Healthcare
HAFC,Financial Services
HAFN,Industrials
HAIN,Consumer Defensive
HAL,Energy
HALO,Healthcare
HAO,Communication Services
HAS,Consumer Cyclical
HASI,Financial Services
HAVAU,Financial Services
HAYW,Industrials
HBAN,Financial Services
HBANL,Financial Services
HBANM,Financial Services
HBANP,Financial Services
HBB,Consumer Cyclical
HBCP,Financial Services
HBIO,Healthcare
HBM,Basic Materials
HBNB,Real Estate
HBNC,Financial Services
HBT,Financial Services
HCA,Healthcare
HCACU,Financial Services
HCAI,Industrials
HCAT,Healthcare
HCC,Basic Materials
HCHL,Consumer Cyclical
HCI,Financial Services
HCKT,Technology
HCM,Healthcare
HCMA,Financial Services
HCMAU,Financial Services
HCSG,Healthcare
HCTI,Healthcare
HCWB,Healthcare
HCWC,Consumer Defensive
HCXY,Unknown
HD,Consumer Cyclical
HDB,Financial Services
HDL,Consumer Cyclical
HDSN,Basic Materials
HE,Utilities
HEI,Industrials
HELE,Consumer Defensive
HELP,Healthcare
HEPS,Consumer Cyclical
HEQ,Financial Services
HERE,Consumer Cyclical
HERZ,Financial Services
HESM,Energy
HFBL,Financial Services
HFFG,Consumer Defensive
HFRO,Financial Services
HFWA,Financial Services
HG,Financial Services
HGBL,Financial Services
HGLB,Financial Services
HGTY,Financial Services
HGV,Consumer Cyclical
HHH,Real Estate
HHS,Industrials
HIFS,Financial Services
HIG,Financial Services
HIHO,Industrials
HII,Industrials
HIMS,Healthcare
HIMX,Technology
HIND,Healthcare
HIO,Financial Services
HIPO,Financial Services
HIT,Technology
HITI,Healthcare
HIVE,Financial Services
HIW,Real Estate
HIX,Financial Services
HKD,Technology
HKIT,Technology
HKPD,Healthcare
HL,Basic Materials
HLF,Consumer Defensive
HLI,Financial Services
HLIO,Industrials
HLIT,Technology
HLLY,Consumer Cyclical
HLMN,Industrials
HLN,Healthcare
HLNE,Financial Services
HLP,Basic Materials
HLT,Consumer Cyclical
HLX,Energy
HMC,Consumer Cyclical
HMN,Financial Services
HMR,Industrials
HMY,Basic Materials
HNGE,Healthcare
HNI,Consumer Cyclical
HNNA,Financial Services
HNNAZ,Unknown
HNRG,Energy
HNST,Consumer Defensive
HNVR,Financial Services
HOFT,Consumer Cyclical
HOG,Consumer Cyclical
HOLO,Technology
HOMB,Financial Services
HON,Industrials
HOOD,Financial Services
HOPE,Financial Services
HOTH,Healthcare
HOUR,Consumer Cyclical
HOV,Consumer Cyclical
HOVNP,Unknown
HOVR,Industrials
HOWL,Healthcare
HP,Energy
HPAI,Technology
HPE,Technology
HPF,Financial Services
HPI,Financial Services
HPK,Energy
HPP,Real Estate
HPQ,Technology
HPS,Financial Services
HQH,Financial Services
HQI,Industrials
HQL,Financial Services
HQY,Healthcare
HR,Real Estate
HRB,Consumer Cyclical
HRI,Industrials
HRL,Consumer Defensive
HRMY,Healthcare
HROW,Healthcare
HRTG,Financial Services
HRTX,Healthcare
HRZN,Financial Services
HSAI,Consumer Cyclical
HSBC,Financial Services
HSCS,Healthcare
HSDT,Financial Services
HSHP,Industrials
HSIC,Healthcare
HSPT,Financial Services
HSPTU,Financial Services
HST,Real Estate
HSTM,Healthcare
HSY,Consumer Defensive
HTB,Financial Services
HTCO,Industrials
HTCR,Technology
HTD,Financial Services
HTFC,Unknown
HTFL,Healthcare
HTGC,Financial Services
HTH,Financial Services
HTHT,Consumer Cyclical
HTLD,Industrials
HTLM,Consumer Cyclical
HTO,Utilities
HTOO,Utilities
HTT,Financial Services
HTZ,Industrials
HUBB,Industrials
HUBC,Technology
HUBG,Industrials
HUBS,Technology
HUDI,Basic Materials
HUHU,Industrials
HUIZ,Financial Services
HUM,Healthcare
HUMA,Healthcare
HUN,Basic Materials
HURA,Healthcare
HURC,Industrials
HURN,Industrials
HUT,Financial Services
HUYA,Communication Services
HVII,Financial Services
HVIIU,Financial Services
HVMC,Financial Services
HVMCU,Financial Services
HVT,Consumer Cyclical
HWBK,Financial Services
HWC,Financial Services
HWCPZ,Unknown
HWH,Consumer Cyclical
HWKN,Basic Materials
HWM,Industrials
HXHX,Industrials
HXL,Industrials
HY,Industrials
HYFM,Industrials
HYFT,Healthcare
HYI,Financial Services
HYLN,Consumer Cyclical
HYMC,Basic Materials
HYPD,Healthcare
HYPR,Healthcare
HYT,Financial Services
HZO,Consumer Cyclical
IAC,Communication Services
IAE,Financial Services
IAF,Financial Services
IAG,Basic Materials
IART,Healthcare
IAUX,Basic Materials
IBAC,Financial Services
IBCP,Financial Services
IBEX,Technology
IBG,Consumer Defensive
IBIO,Healthcare
IBKR,Financial Services
IBM,Technology
IBN,Financial Services
IBO,Healthcare
IBOC,Financial Services
ICE,Financial Services
IDXX,Healthcare
IEX,Industrials
IFF,Basic Materials
INCY,Healthcare
INTC,Technology
INTU,Technology
INVH,Real Estate
IP,Consumer Cyclical
IQV,Healthcare
IR,Industrials
IRM,Real Estate
ISRG,Healthcare
IT,Technology
ITW,Industrials
IVZ,Financial Services
J,Industrials
JBHT,Industrials
JBL,Technology
JCI,Industrials
JKHY,Technology
JNJ,Healthcare
JPM,Financial Services
KDP,Consumer Defensive
KEY,Financial Services
KEYS,Technology
KHC,Consumer Defensive
KIM,Real Estate
KKR,Financial Services
KLAC,Technology
KMB,Consumer Defensive
KMI,Energy
KO,Consumer Defensive
KR,Consumer Defensive
KVUE,Consumer Defensive
L,Financial Services
LDOS,Technology
LEN,Consumer Cyclical
LH,Healthcare
LHX,Industrials
LII,Industrials
LIN,Basic Materials
LITE,Technology
LLY,Healthcare
LMT,Industrials
LNT,Utilities
LOW,Consumer Cyclical
LRCX,Technology
LULU,Consumer Cyclical
LUV,Industrials
LVS,Consumer Cyclical
LYB,Basic Materials
LYV,Communication Services
MA,Financial Services
MAA,Real Estate
MAR,Consumer Cyclical
MAS,Industrials
MCD,Consumer Cyclical
MCHP,Technology
MCK,Healthcare
MCO,Financial Services
MDLZ,Consumer Defensive
MDT,Healthcare
MET,Financial Services
META,Communication Services
MGM,Consumer Cyclical
MKC,Consumer Defensive
MLM,Basic Materials
MMM,Industrials
MNST,Consumer Defensive
MO,Consumer Defensive
MOS,Basic Materials
MPC,Energy
MPWR,Technology
MRK,Healthcare
MRNA,Healthcare
MRSH,Financial Services
MS,Financial Services
MSCI,Financial Services
MSFT,Technology
MSI,Technology
MTB,Financial Services
MTD,Healthcare
MU,Technology
NCLH,Consumer Cyclical
NDAQ,Financial Services
NDSN,Industrials
NEE,Utilities
NEM,Basic Materials
NFLX,Communication Services
NI,Utilities
NKE,Consumer Cyclical
NOC,Industrials
NOW,Technology
NRG,Utilities
NSC,Industrials
NTAP,Technology
NTRS,Financial Services
NUE,Basic Materials
NVDA,Technology
NVR,Consumer Cyclical
NWS,Communication Services
NWSA,Communication Services
NXPI,Technology
O,Real Estate
ODFL,Industrials
OKE,Energy
OMC,Communication Services
ON,Technology
ORCL,Technology
ORLY,Consumer Cyclical
OTIS,Industrials
OXY,Energy
PANW,Technology
PAYX,Technology
PCAR,Industrials
PCG,Utilities
PEG,Utilities
PEP,Consumer Defensive
PFE,Healthcare
PFG,Financial Services
PG,Consumer Defensive
PGR,Financial Services
PH,Industrials
PHM,Consumer Cyclical
PKG,Consumer Cyclical
PLD,Real Estate
PLTR,Technology
PM,Consumer Defensive
PNC,Financial Services
PNR,Industrials
PNW,Utilities
PODD,Healthcare
POOL,Industrials
PPG,Basic Materials
PPL,Utilities
PRU,Financial Services
PSA,Real Estate
PSKY,Communication Services
PSX,Energy
PTC,Technology
PWR,Industrials
PYPL,Financial Services
Q,Technology
QCOM,Technology
RCL,Consumer Cyclical
REG,Real Estate
REGN,Healthcare
RF,Financial Services
RJF,Financial Services
RL,Consumer Cyclical
RMD,Healthcare
ROK,Industrials
ROL,Consumer Cyclical
ROP,Technology
ROST,Consumer Cyclical
RSG,Industrials
RTX,Industrials
RVTY,Healthcare
SATS,Communication Services
SBAC,Real Estate
SBUX,Consumer Cyclical
SCHW,Financial Services
SHW,Basic Materials
SJM,Consumer Defensive
SLB,Energy
SMCI,Technology
SNA,Industrials
SNDK,Technology
SNPS,Technology
SO,Utilities
SOLV,Healthcare
SPG,Real Estate
SPGI,Financial Services
SRE,Utilities
STE,Healthcare
STLD,Basic Materials
STT,Financial Services
STX,Technology
STZ,Consumer Defensive
SW,Consumer Cyclical
SWK,Industrials
SWKS,Technology
SYF,Financial Services
SYK,Healthcare
SYY,Consumer Defensive
T,Communication Services
TAP,Consumer Defensive
TDG,Industrials
TDY,Technology
TECH,Healthcare
TEL,Technology
TER,Technology
TFC,Financial Services
TGT,Consumer Defensive
TJX,Consumer Cyclical
TKO,Communication Services
TMO,Healthcare
TMUS,Communication Services
TPL,Energy
TPR,Consumer Cyclical
TRGP,Energy
TRMB,Technology
TROW,Financial Services
TRV,Financial Services
TSCO,Consumer Cyclical
TSLA,Consumer Cyclical
TSN,Consumer Defensive
TT,Industrials
TTD,Communication Services
TTWO,Communication Services
TXN,Technology
TXT,Industrials
TYL,Technology
UAL,Industrials
UBER,Technology
UDR,Real Estate
UHS,Healthcare
ULTA,Consumer Cyclical
UNH,Healthcare
UNP,Industrials
UPS,Industrials
URI,Industrials
USB,Financial Services
V,Financial Services
VICI,Real Estate
VLO,Energy
VLTO,Industrials
VMC,Basic Materials
VRSK,Industrials
VRSN,Technology
VRT,Industrials
VRTX,Healthcare
VST,Utilities
VTR,Real Estate
VTRS,Healthcare
VZ,Communication Services
WAB,Industrials
WAT,Healthcare
WBD,Communication Services
WDAY,Technology
WDC,Technology
WEC,Utilities
WELL,Real Estate
WFC,Financial Services
WM,Industrials
WMB,Energy
WMT,Consumer Defensive
WRB,Financial Services
WSM,Consumer Cyclical
WST,Healthcare
WTW,Financial Services
WY,Real Estate
WYNN,Consumer Cyclical
XEL,Utilities
XOM,Energy
XYL,Industrials
XYZ,Technology
YUM,Consumer Cyclical
ZBH,Healthcare
ZBRA,Technology
ZTS,Healthcare
